{
    "db_id": "lagomorph",
    "timestamp": 1667331423,
    "files": {
        "_Arcade/cores/DonkeyKong_20221031.rbf": {
            "url": "https://raw.githubusercontent.com/lagomorph/Arcade-DonkeyKong_MiSTer/unfuckedwalkingsounds/releases/Arcade-DonkeyKong_20221031.rbf",
            "delete": [
                "_Arcade/cores/DonkeyKong_*"
            ],
            "hash": "321482e8140384dd2546826ca00dd690",
            "size": 3071348,
            "tags": [
                15,
                61,
                109
            ]
        },
        "Scripts/unfsckdk.sh": {
            "url": "https://raw.githubusercontent.com/lagomorph/MiSTer/master/unfsckdk.sh",
            "hash": "8e86bf4daeca0798e3221e78cbe25ced",
             "size": 269,
             "tags": [
                 247
             ]
        }
    },
    "folders": {
        "Scripts": {
            "tags": [
                247
            ]
        },
        "_Arcade": {
            "tags": [
                15
            ]
        },
        "_Arcade/cores": {
            "tags": [
                15,
                109
            ]
        }
    }
}
