{
    "db_id": "lagomorph",
    "timestamp": 1667325945,
    "files": {
        "_Arcade/cores/DonkeyKong_20221031.rbf": {
            "url": "https://raw.githubusercontent.com/lagomorph/Arcade-DonkeyKong_MiSTer/unfuckedwalkingsounds/releases/Arcade-DonkeyKong_20221031.rbf",
            "delete": [
                "_Arcade/cores/DonkeyKong_*"
            ],
            "hash": "321482e8140384dd2546826ca00dd690",
            "size": 3071348,
            "tags": [
                15,
                61,
                109
            ]
        }
    },
    "folders": {
        "_Arcade": {
            "tags": [
                15
            ]
        },
        "_Arcade/cores": {
            "tags": [
                15,
                109
            ]
        }
    }
}
