{
    "db_id": "lagomorph",
    "timestamp": 1679062254,
    "files": {
        "_Arcade/cores/DonkeyKong_20230317.rbf": {
            "url": "https://raw.githubusercontent.com/lagomorph/Arcade-DonkeyKong_MiSTer/unfuckedwalkingsounds/releases/Arcade-DonkeyKong_20230317.rbf",
            "delete": [
                "_Arcade/cores/DonkeyKong_*"
            ],
            "hash": "0a681b6ae3b5db5d5cd6e0ec15e3396c",
            "size": 3141052,
            "tags": [
                15,
                61,
                109
            ]
        },
        "Scripts/unfsckdk.sh": {
            "url": "https://raw.githubusercontent.com/lagomorph/MiSTer/master/unfsckdk.sh",
            "hash": "7ab08131dec2b0a763b84edf6be4537a",
             "size": 269,
             "tags": [
                 247
             ]
        }
    },
    "folders": {
        "Scripts": {
            "tags": [
                247
            ]
        },
        "_Arcade": {
            "tags": [
                15
            ]
        },
        "_Arcade/cores": {
            "tags": [
                15,
                109
            ]
        }
    }
}
