{
    "db_id": "lagomorph",
    "timestamp": 1667328821,
    "files": {
        "_Arcade/cores/DonkeyKong_20221031.rbf": {
            "url": "https://raw.githubusercontent.com/lagomorph/Arcade-DonkeyKong_MiSTer/unfuckedwalkingsounds/releases/Arcade-DonkeyKong_20221031.rbf",
            "delete": [
                "_Arcade/cores/DonkeyKong_*"
            ],
            "hash": "321482e8140384dd2546826ca00dd690",
            "size": 3071348,
            "tags": [
                15,
                61,
                109
            ]
        },
        "_Arcade/Donkey Kong (US, Set 1).mra": {
            "url": "https://raw.githubusercontent.com/lagomorph/Arcade-DonkeyKong_MiSTer/unfuckedwalkingsounds/releases/Donkey%20Kong%20(US%2C%20Set%201).mra",
            "hash": "cd0bfd38d9aacb9910ee6aaa07a24598",
            "size": 87584,
            "tags": [
                15,
                35,
                61
            ]
        },
        "_Arcade/Pest Place.mra": {
            "url": "https://raw.githubusercontent.com/lagomorph/Arcade-DonkeyKong_MiSTer/unfuckedwalkingsounds/releases/Pest%20Place.mra",
            "hash": "2cd02bea2c41d60f3a720af0e600b1ff",
            "size": 2216,
            "tags": [
                15,
                35,
                61
            ]
        },
        "_Arcade/Radar Scope (rev. D).mra": {
            "url": "https://raw.githubusercontent.com/lagomorph/Arcade-DonkeyKong_MiSTer/unfuckedwalkingsounds/releases/Radar%20Scope%20(rev.%20D).mra",
            "hash": "0098ca477f15777365036f6c022653c4",
             "size": 2739,
             "tags": [
                 15,
                 35,
                 61
             ]
        }
    },
    "folders": {
        "_Arcade": {
            "tags": [
                15
            ]
        },
        "_Arcade/cores": {
            "tags": [
                15,
                109
            ]
        }
    }
}
